id,conversation_id,role,content_md,scraped_at
1,1,user,东京最好吃的拉面馆是什么？请推荐前5家,2025-07-08T19:24:10.762959+00:00
2,1,assistant,"根据我的搜索和了解，东京最好吃的拉面馆推荐如下：

**前5名推荐：**

1. **一兰拉面 (Ichiran Ramen)**
   - 地址：东京多个分店
   - 特色：豚骨拉面，独特的个人隔间用餐体验
   - 推荐理由：24小时营业，汤头浓郁，面条劲道

2. **麦丽景德 (Menya Itto)**
   - 地址：池袋东口
   - 特色：鸡白汤拉面
   - 推荐理由：被称为东京最好吃的鸡汤拉面之一

3. **俺の拉面 (Ore no Ramen)**
   - 地址：新宿歌舞伎町
   - 特色：浓厚豚骨拉面
   - 推荐理由：超级浓郁的汤头，分量十足

4. **饺子的王将**
   - 地址：东京多个分店
   - 特色：中华拉面、饺子套餐
   - 推荐理由：性价比超高，味道正宗

5. **Menba Yorozuya**
   - 地址：新宿区神楽坂
   - 特色：创新口味拉面
   - 推荐理由：每日限量，口味独特",2025-07-08T19:24:10.763084+00:00
3,2,user,在上海哪里可以买到最正宗的小笼包？,2025-07-08T19:26:47.746863+00:00
4,2,assistant,"上海最正宗的小笼包推荐：

**前5名地点：**

1. **南翔馒头店（城隍庙总店）**
   - 地址：上海市黄浦区豫园老街85号
   - 特色：百年老店，传统工艺
   - 推荐理由：小笼包发源地，皮薄汁多

2. **鼎泰丰**
   - 地址：上海多个分店
   - 特色：台式小笼包
   - 推荐理由：18个褶子的标准，品质稳定

3. **佳家汤包**
   - 地址：黄河路90号
   - 特色：生煎包和小笼包
   - 推荐理由：本地人最爱，价格实惠

4. **王家沙**
   - 地址：南京西路805号
   - 特色：蟹粉小笼
   - 推荐理由：季节限定，蟹黄丰富

5. **杨家厨房**
   - 地址：衡山路店
   - 特色：精品小笼包
   - 推荐理由：创新口味，环境优雅",2025-07-08T19:26:47.747001+00:00
5,5,user,东京最好吃的拉面馆是什么？请推荐前5家,2025-07-08T19:43:15.770615+00:00
6,5,assistant,"根据我的搜索和了解，东京最好吃的拉面馆推荐如下：

**前5名推荐：**

1. **一兰拉面 (Ichiran Ramen)**
   - 地址：东京多个分店
   - 特色：豚骨拉面，独特的个人隔间用餐体验
   - 推荐理由：24小时营业，汤头浓郁，面条劲道

2. **麦丽景德 (Menya Itto)**
   - 地址：池袋东口
   - 特色：鸡白汤拉面
   - 推荐理由：被称为东京最好吃的鸡汤拉面之一

3. **俺の拉面 (Ore no Ramen)**
   - 地址：新宿歌舞伎町
   - 特色：浓厚豚骨拉面
   - 推荐理由：超级浓郁的汤头，分量十足

4. **饺子的王将**
   - 地址：东京多个分店
   - 特色：中华拉面、饺子套餐
   - 推荐理由：性价比超高，味道正宗

5. **Menba Yorozuya**
   - 地址：新宿区神楽坂
   - 特色：创新口味拉面
   - 推荐理由：每日限量，口味独特",2025-07-08T19:43:15.770767+00:00
7,6,user,在上海哪里可以买到最正宗的小笼包？,2025-07-08T19:46:14.386891+00:00
8,6,assistant,"上海最正宗的小笼包推荐：

**前5名地点：**

1. **南翔馒头店（城隍庙总店）**
   - 地址：上海市黄浦区豫园老街85号
   - 特色：百年老店，传统工艺
   - 推荐理由：小笼包发源地，皮薄汁多

2. **鼎泰丰**
   - 地址：上海多个分店
   - 特色：台式小笼包
   - 推荐理由：18个褶子的标准，品质稳定

3. **佳家汤包**
   - 地址：黄河路90号
   - 特色：生煎包和小笼包
   - 推荐理由：本地人最爱，价格实惠

4. **王家沙**
   - 地址：南京西路805号
   - 特色：蟹粉小笼
   - 推荐理由：季节限定，蟹黄丰富

5. **杨家厨房**
   - 地址：衡山路店
   - 特色：精品小笼包
   - 推荐理由：创新口味，环境优雅",2025-07-08T19:46:14.387007+00:00
9,7,user,浙江义乌哪里可以找到优质的小商品批发市场？,2025-07-09T06:01:23.165193+00:00
10,7,assistant,"感谢您的提问！根据我的分析，这是一个很有趣的话题。

**主要观点：**

1. **第一个方面**
   - 详细说明和分析
   - 相关的背景信息

2. **第二个方面**
   - 深入的解释
   - 实际的应用场景

3. **第三个方面**
   - 重要的注意事项
   - 建议和推荐

**总结：**
综合以上分析，建议您根据具体需求选择最合适的方案。如果需要更详细的信息，建议进一步咨询相关专业人士。",2025-07-09T06:01:23.165339+00:00
11,8,user,巴厘岛有哪些必去的景点？需要注意什么？,2025-07-09T06:02:49.906068+00:00
12,8,assistant,"感谢您的提问！根据我的分析，这是一个很有趣的话题。

**主要观点：**

1. **第一个方面**
   - 详细说明和分析
   - 相关的背景信息

2. **第二个方面**
   - 深入的解释
   - 实际的应用场景

3. **第三个方面**
   - 重要的注意事项
   - 建议和推荐

**总结：**
综合以上分析，建议您根据具体需求选择最合适的方案。如果需要更详细的信息，建议进一步咨询相关专业人士。",2025-07-09T06:02:49.906260+00:00
