id,conversation_id,reasoning_content,created_at
1,5,"用户想知道""东京最好吃的拉面馆是什么？请推荐前5家""，考虑到之前的类似查询（如""TOKYO经典豚骨""，以及""东京附近好吃的面馆""），可以推测用户确实在寻找东京的最好拉面建议。鉴于拉面店的不断变化，我会搜索最新的排名和评论。比如，可以关注米其林星级拉面店，如""那木流""、""筑地和牛""等，并提供多种风格的推荐。

我想为用户提供东京拉面店的建议，并可能提供图片和地图链接。不过，我觉得不需要过多询问，直接给出推荐会更简洁有效。

我想为用户提供东京拉面店的建议，并可能提供图片和地图链接。不过，我觉得不需要过多询问，直接给出推荐会更简洁有效。关于展示图片，我可以用图片轮播的形式展示四家拉面店。这样用户可以直观地了解每家店的特点，然后再根据需要进一步探索，也许这样的形式会更适合一些。

我会根据用户的信息寻找东京的最佳拉面店。在这过程中，我打算先通过搜索获取2025年排名、米其林星级和一些新兴的拉面店。然后，再根据风味（如酱油、盐味、豚骨等）进行分类总结。我将提供详细的店名、地址、推荐理由以及一些小贴士（如排队的最佳时段等）。最后，我可能会展示几家店的图片，确保用户有一个全面的视觉体验。",2025-07-08T19:43:15.771191+00:00
2,6,"用户想知道""在上海哪里可以买到最正宗的小笼包？""，考虑到之前的类似查询（如""TOKYO经典豚骨""，以及""东京附近好吃的面馆""），可以推测用户确实在寻找东京的最好拉面建议。鉴于拉面店的不断变化，我会搜索最新的排名和评论。比如，可以关注米其林星级拉面店，如""那木流""、""筑地和牛""等，并提供多种风格的推荐。

我想为用户提供东京拉面店的建议，并可能提供图片和地图链接。不过，我觉得不需要过多询问，直接给出推荐会更简洁有效。

我想为用户提供东京拉面店的建议，并可能提供图片和地图链接。不过，我觉得不需要过多询问，直接给出推荐会更简洁有效。关于展示图片，我可以用图片轮播的形式展示四家拉面店。这样用户可以直观地了解每家店的特点，然后再根据需要进一步探索，也许这样的形式会更适合一些。

我会根据用户的信息寻找东京的最佳拉面店。在这过程中，我打算先通过搜索获取2025年排名、米其林星级和一些新兴的拉面店。然后，再根据风味（如酱油、盐味、豚骨等）进行分类总结。我将提供详细的店名、地址、推荐理由以及一些小贴士（如排队的最佳时段等）。最后，我可能会展示几家店的图片，确保用户有一个全面的视觉体验。",2025-07-08T19:46:14.387369+00:00
3,7,"用户想知道""浙江义乌哪里可以找到优质的小商品批发市场？""，考虑到之前的类似查询（如""TOKYO经典豚骨""，以及""东京附近好吃的面馆""），可以推测用户确实在寻找东京的最好拉面建议。鉴于拉面店的不断变化，我会搜索最新的排名和评论。比如，可以关注米其林星级拉面店，如""那木流""、""筑地和牛""等，并提供多种风格的推荐。\n\n我想为用户提供东京拉面店的建议，并可能提供图片和地图链接。不过，我觉得不需要过多询问，直接给出推荐会更简洁有效。\n\n我想为用户提供东京拉面店的建议，并可能提供图片和地图链接。不过，我觉得不需要过多询问，直接给出推荐会更简洁有效。关于展示图片，我可以用图片轮播的形式展示四家拉面店。这样用户可以直观地了解每家店的特点，然后再根据需要进一步探索，也许这样的形式会更适合一些。\n\n我会根据用户的信息寻找东京的最佳拉面店。在这过程中，我打算先通过搜索获取2025年排名、米其林星级和一些新兴的拉面店。然后，再根据风味（如酱油、盐味、豚骨等）进行分类总结。我将提供详细的店名、地址、推荐理由以及一些小贴士（如排队的最佳时段等）。最后，我可能会展示几家店的图片，确保用户有一个全面的视觉体验。",2025-07-09T06:01:23.165819+00:00
4,8,"用户想知道""巴厘岛有哪些必去的景点？需要注意什么？""，考虑到之前的类似查询（如""TOKYO经典豚骨""，以及""东京附近好吃的面馆""），可以推测用户确实在寻找东京的最好拉面建议。鉴于拉面店的不断变化，我会搜索最新的排名和评论。比如，可以关注米其林星级拉面店，如""那木流""、""筑地和牛""等，并提供多种风格的推荐。\n\n我想为用户提供东京拉面店的建议，并可能提供图片和地图链接。不过，我觉得不需要过多询问，直接给出推荐会更简洁有效。\n\n我想为用户提供东京拉面店的建议，并可能提供图片和地图链接。不过，我觉得不需要过多询问，直接给出推荐会更简洁有效。关于展示图片，我可以用图片轮播的形式展示四家拉面店。这样用户可以直观地了解每家店的特点，然后再根据需要进一步探索，也许这样的形式会更适合一些。\n\n我会根据用户的信息寻找东京的最佳拉面店。在这过程中，我打算先通过搜索获取2025年排名、米其林星级和一些新兴的拉面店。然后，再根据风味（如酱油、盐味、豚骨等）进行分类总结。我将提供详细的店名、地址、推荐理由以及一些小贴士（如排队的最佳时段等）。最后，我可能会展示几家店的图片，确保用户有一个全面的视觉体验。",2025-07-09T06:02:49.907101+00:00
